file_offset,vi_full,status
0x181CC,"Nói thẳng ra nhé! Để sang đó giao lưu mà không bị quê, chúng ta phải rèn phản xạ thôi!",translated_meaning_batch01
0x18245,"Nói thẳng ra nhé! Để sang đó giao lưu mà không bị quê, đây là bài luyện để khỏi rơi khỏi đảo!",translated_meaning_batch01
0x182BE,"Nói thẳng ra nhé! Để sang đó giao lưu mà không bị quê, chúng ta phải trau dồi óc nghệ thuật!",translated_meaning_batch01
0x18377,Cô có một tin hay muốn báo cho cả lớp đây.,translated_meaning_batch01
0x183A7,Chương trình trao đổi học sinh với một hòn đảo phương Nam đã được quyết định. Đại diện lớp mình sẽ có...,translated_meaning_batch01
0x18408,...một bạn được chọn để đi.,translated_meaning_batch01
0x18442,Nghe ghê gớm ghê á.,translated_meaning_batch01
0x18469,Ừm. Mà “trao đổi học sinh” là gì vậy?,translated_meaning_batch01
0x184A9,Là học sinh Nhật với học sinh nước ngoài đến nước của nhau rồi học đủ thứ ở đó ấy mà.,translated_meaning_batch01
0x18517,Ra là vậy...,translated_meaning_batch01
0x1852C,Nói cho gọn là được đi nước ngoài miễn phí chứ gì.,translated_meaning_batch01
0x1856B,Ha... tớ cũng muốn đi thử ghê.,translated_meaning_batch01
0x1859B,"Ơ... Maru-chan, cậu sang đó là để học mà...",translated_meaning_batch01
0x185E9,"Tội cho Tama-chan, nhưng tâm hồn Maruko lúc này đã bay tận đâu đâu.",translated_meaning_batch01
0x18649,Vậy nên cả lớp hãy cùng quyết định xem ai sẽ đi nhé.,translated_meaning_batch01
0x18695,"À phải rồi, cô cho các em xem ảnh người bạn sẽ sang đây nhé.",translated_meaning_batch01
0x186F3,Tuyệt... quá!,translated_meaning_batch01
0x18708,Mùa hè này... mình có linh cảm về một cuộc gặp gỡ thật tuyệt...,translated_meaning_batch01
0x1873E,Linh... cảm!,translated_meaning_batch01
0x18755,Một hòn đảo phương Nam mà không có anh ấy thì đi cũng vô ích thôi.,translated_meaning_batch01
0x18797,Nhưng nếu Hanawa-kun với anh ấy tranh giành mình rồi cãi nhau thì... mình...,translated_meaning_batch01
0x187F2,"Hey, đừng lo mà...",translated_meaning_batch01
0x1883D,...baby.,translated_meaning_batch01
0x18857,Thật ra tớ cũng đang muốn tìm hiểu văn hóa nước ngoài.,translated_meaning_batch01
0x188B7,"Chả hiểu mô tê gì, nhưng tớ cũng muốn đi!",translated_meaning_batch01
0x188F7,Tớ cũng muốn đi bư~!,translated_meaning_batch01
0x18917,"Tớ nữa, tớ nữa! A ha ha ha...",translated_meaning_batch01
0x1894C,Nói thẳng ra! Đại diện lớp thì đương nhiên phải là lớp trưởng như tôi chứ!,translated_meaning_batch01
0x189B3,"Mọi người mà muốn thách thức tôi thì, nói thẳng ra là...",translated_meaning_batch01
0x189EE,...còn sớm mười năm!,translated_meaning_batch01
0x18A0E,"Hey, đời này phải nhìn vào thực lực chứ.",translated_meaning_batch01
0x18A5E,"Người thật sự xứng đáng mới nên đi, cậu không nghĩ vậy sao? Chính cậu mới nên nhường đi.",translated_meaning_batch01
0x18AD1,Đúng đó! Đừng tưởng chỉ mình cậu được đi nước ngoài miễn phí. Không dễ thế đâu nha!,translated_meaning_batch01
0x18B36,Trong đầu chỉ nghĩ tới chuyện được đi nước ngoài miễn phí mà còn nói ai.,translated_meaning_batch01
0x18B8C,Cái gì cơ!! Sakura Maruko! Thật là xúc phạm quá mức!! Vậy thì để tôi cho mọi người thấy thực lực của mình!,translated_meaning_batch01
0x18C30,Chuyện to mất rồi nhỉ...,translated_meaning_batch01
0x18C62,Tama-chan cũng tham gia chứ?,translated_meaning_batch01
0x18C93,Ơ... tớ thì...,translated_meaning_batch01
0x18CC1,"Nếu thắng, mình sẽ được làm “Tammy của hòn đảo phương Nam”... Giấc mơ của Tamae cứ thế âm thầm lớn dần.",translated_meaning_batch01
0x18D20,"Tối hôm đó, tại nhà Sakura...",translated_meaning_batch01
0x18D48,"Maruko, con có ổn không đấy? Đừng để bị thương nhé.",translated_meaning_batch01
0x18D90,Hay là mang cơm hộp đi cổ vũ nhỉ.,translated_meaning_batch01
0x18DD0,Maruko mà cũng thành học sinh trao đổi được sao?,translated_meaning_batch01
0x18E16,"Không sao! Maruko là con của bố mà! Nào, cạn ly vì hòn đảo phương Nam!",translated_meaning_batch01
0x18E8C,"Ồ, Nam Cực à? Xa xôi lạnh lẽo lắm đấy...",translated_meaning_batch01
0x18F02,Hòn đảo phương Nam... Maruko vui đùa cùng chim cánh cụt... tuyệt quá nhỉ.,translated_meaning_batch01
0x18F73,Ông đi về phương Nam hơi quá xa rồi.,translated_meaning_batch01
0x18F99,"Vậy thì dùng hồ bơi, bóng và sơn để tổ chức cuộc thi chọn đại diện nhé!",translated_meaning_batch01
0x19013,Có phải giải thích trắng trợn quá rồi không?,translated_meaning_batch01
0x190B7,Tự nhiên thấy hồi hộp ghê...,translated_meaning_batch01
0x190E3,Cảm giác như đây là bước đầu tiên tới hòn đảo phương Nam vậy.,translated_meaning_batch01
0x19117,Thế bắt đầu nhé.,translated_meaning_batch01
0x19145,"Ừ, nhưng thi với Tama-chan thì... tớ thấy áy náy sao ấy.",translated_meaning_batch01
0x191A3,Maru-chan! Nếu cứ để tình cảm lấn át thì cậu sẽ không tới được hòn đảo phương Nam đâu!,translated_meaning_batch01
0x19222,Ta-Tama-chan...,translated_meaning_batch01
0x1924B,Cô ấy nghiêm túc thật... Maruko hơi run trước quyết tâm của Tamae...,translated_meaning_batch01
0x192C1,"Tama-chan, cậu ổn chứ? Xin lỗi nhé.",translated_meaning_batch01
0x19317,"Ừ, tớ không sao. Khi thi với mọi người cũng cố lên nhé.",translated_meaning_batch01
0x19351,Ừ! Tớ có cảm giác hòn đảo phương Nam đã gần hơn hẳn rồi.,translated_meaning_batch01
0x193B0,Còn hơi sớm để nói thế đó.,translated_meaning_batch01
0x193EE,Nếu cậu thua cả tớ thì làm sao thắng được người khác!,translated_meaning_batch01
0x1943A,"Ừ, tớ luyện chưa đủ. Về gội đầu rồi làm lại từ đầu thôi.",translated_meaning_batch01
0x1947B,Phải là “rửa mặt rồi làm lại từ đầu” mới đúng chứ...,translated_meaning_batch01
0x194CF,Khổ ghê...,translated_meaning_batch01
0x19500,"Hey, tớ không thích so tài với các quý cô lắm đâu.",translated_meaning_batch01
0x1957A,Vậy cho tớ qua luôn đi.,translated_meaning_batch01
0x1959C,Thế thì không tốt cho cậu đâu. Cứ coi đây là chút nghiêm khắc vì thương cậu nhé.,translated_meaning_batch01
0x195FF,Kiểu yêu thương gì mà khó ưa thế.,translated_meaning_batch01
0x19620,"Hay quá! Thắng Hanawa-kun rồi, hí hí!",translated_meaning_batch01
0x19679,"Baby, tớ vốn yếu lòng trước các quý cô mà.",translated_meaning_batch01
0x196F2,"Aaa, tức quá! Thua Hanawa-kun rồi!",translated_meaning_batch01
0x19748,"Tiếc thật đấy, baby.",translated_meaning_batch01
0x1975F,Baby.,translated_meaning_batch01
0x19776,Nói thẳng ra!! Giờ so tài đã tới!,translated_meaning_batch01
0x197CC,"Nè, nhường tớ đi mà~",translated_meaning_batch01
0x197F8,Hả!? Cậu nói gì cơ!?,translated_meaning_batch01
0x19821,"Nói thẳng ra, như thế là ăn gian!",translated_meaning_batch01
0x1984E,"Với tư cách lớp trưởng, tôi không thể làm ngơ chuyện gian lận! Nào, thi đấu!",translated_meaning_batch01
0x198BF,Maruko vừa đổ thêm dầu vào lửa...,translated_meaning_batch01
0x1990C,A ha... ha...,translated_meaning_batch01
0x1992C,Hóa ra người xứng đáng đi trao đổi là tớ nhỉ!,translated_meaning_batch01
0x19976,Tôi mà thua Sakura-san ư!? Maruo Sueo này...,translated_meaning_batch01
0x199A7,...một đời ôm hận mất!! Khụ... mẹ ơi... con... con...,translated_meaning_batch01
0x19A26,"Trời ạ, làm quá ghê.",translated_meaning_batch01
0x19A55,Nói thẳng ra!! Chính nghĩa lúc nào cũng chiến thắng!,translated_meaning_batch01
0x19AAE,Hứ! Bầu lớp trưởng lần tới tớ không bầu cho cậu nữa...,translated_meaning_batch01
0x19AFD,HẢAAAA!! Cái gì cơ!! Trời ạ...,translated_meaning_batch01
0x19B75,Nói thẳng ra!! Tôi vẫn chưa công nhận cậu là đại diện đâu!,translated_meaning_batch01
0x19BEF,Tớ không cần cậu công nhận cũng được mà.,translated_meaning_batch01
0x19C38,Hê hê hê...,translated_meaning_batch01
0x19C6A,Gì vậy! Cậu làm tớ nổi da gà đó.,translated_meaning_batch01
0x19CA2,"Hey, lại gặp nhau rồi, baby. Nếu cậu đã muốn đến thế thì tớ xin tiếp cậu.",translated_meaning_batch01
0x19D1C,Tớ có nói gì đâu...,translated_meaning_batch01
0x19D4A,Chuẩn bị tinh thần chưa...?,translated_meaning_batch01
0x19D7F,Hay quá! Thắng rồi! Tớ cũng ghê gớm phết nhỉ.,translated_meaning_batch01
0x19DF5,Sakura hình như thắng cả Maruo-kun lẫn Hanawa-kun rồi đó.,translated_meaning_batch01
0x19E3B,"Ừ, ghê thật.",translated_meaning_batch01
0x19E5B,Cậu thật sự nghĩ vậy sao?,translated_meaning_batch01
0x19E93,Thế không phải là ghê à?,translated_meaning_batch01
0x19EC5,Tớ không muốn làm đại diện tới mức phải bắt bạn bè khổ sở đâu... Làm người như thế tệ thật.,translated_meaning_batch01
0x19F3F,"Ra vậy, Nagasawa-kun nói cũng đúng.",translated_meaning_batch01
0x19F8F,Mình đúng là...,translated_meaning_batch01
0x19FC0,"Baby, cậu có bị đau đâu không? Tớ lỡ mạnh tay quá rồi.",translated_meaning_batch01
0x1A038,Nói thẳng ra!! Cậu còn thiếu thực lực!,translated_meaning_batch01
0x1A085,"Đã thua họ rồi, lại còn bị nói tới mức này...",translated_meaning_batch01
0x1A0C2,...mình đúng là...,translated_meaning_batch01
0x1A0ED,Khổ ghê...,translated_meaning_batch01
0x1A11B,Sakura-san!! Tôi vẫn chưa chịu đâu!,translated_meaning_batch01
0x1A161,Thì tớ có cần cậu chịu đâu...,translated_meaning_batch01
0x1A18F,Lần này tôi sẽ cùng Honami-san...,translated_meaning_batch01
0x1A1B0,...hai người bọn tôi sẽ thi đấu với cậu!,translated_meaning_batch01
0x1A1EA,Hả!?,translated_meaning_batch01
0x1A216,Hê hê hê...,translated_meaning_batch01
0x1A24B,"Maru-chan, cậu mạnh ghê!",translated_meaning_batch01
0x1A27D,Có khi tớ mạnh thật ấy chứ...,translated_meaning_batch01
0x1A2B4,"Hey, cậu cũng khá lắm đó.",translated_meaning_batch01
0x1A30A,Tớ là cô gái cũng ra gì phết đấy chứ.,translated_meaning_batch01
0x1A334,A ha ha! Thắng rồi!,translated_meaning_batch01
0x1A388,"Con gái mạnh quá thì sau này khó lấy chồng lắm đấy... đùa thôi, đùa thôi!",translated_meaning_batch01
0x1A402,Tớ... sẽ không lấy chồng được sao...?,translated_meaning_batch01
0x1A43F,Nói thẳng ra!! Đây mới là con người thật của tôi!,translated_meaning_batch01
0x1A49A,"Đau lòng đấy, nhưng đây là thực tế mà.",translated_meaning_batch01
0x1A4DF,"Maru-chan, cậu ổn không?",translated_meaning_batch01
0x1A511,Ừ... chắc việc này hơi quá sức tớ. Về nhà xem TV rồi ngủ thôi.,translated_meaning_batch01
0x1A580,Từ bỏ hòn đảo phương Nam chỉ vì TV... cô nàng này rốt cuộc là sao vậy...,translated_meaning_batch01
0x1A5CA,Mình đúng là... đúng là...,translated_meaning_batch01
